{
  "experiment_type": "centralized",
  "timestamp": "2026-01-01T14:36:31.218802",
  "config": {
    "random_seed": 42,
    "dataset_size": 10000,
    "num_features": 20,
    "num_classes": 2,
    "num_clients": 10,
    "num_rounds": 50,
    "client_fraction": 0.3,
    "local_epochs": 5,
    "batch_size": 32,
    "learning_rate": 0.01,
    "centralized_epochs": 100,
    "hidden_units": [
      64,
      32
    ],
    "dropout_rate": 0.3
  },
  "training_metrics": {
    "loss": [
      0.28534385561943054,
      0.17221999168395996,
      0.15343916416168213,
      0.15126335620880127,
      0.14077238738536835,
      0.13486023247241974,
      0.1375996619462967,
      0.1309625208377838,
      0.12489528954029083,
      0.12907221913337708,
      0.12709134817123413,
      0.12529176473617554,
      0.12444320321083069,
      0.11883888393640518,
      0.12595584988594055,
      0.11211289465427399,
      0.10569408535957336,
      0.1186489686369896,
      0.12127979099750519,
      0.11274191737174988,
      0.10985911637544632,
      0.11141585558652878,
      0.10984254628419876,
      0.1085909828543663,
      0.10810685902833939,
      0.11581947654485703,
      0.11718709766864777,
      0.10944119095802307,
      0.09681956470012665,
      0.1000916063785553,
      0.10342798382043839,
      0.10717108100652695,
      0.10524821281433105,
      0.10078863054513931,
      0.10119011253118515,
      0.10577955096960068,
      0.10960555076599121,
      0.10023576021194458,
      0.10240715742111206,
      0.10059426724910736,
      0.10778287053108215,
      0.10140600800514221,
      0.09922053664922714,
      0.10384611785411835,
      0.1051737368106842,
      0.10190319269895554,
      0.0940476506948471,
      0.09792139381170273,
      0.09885552525520325,
      0.09894862771034241,
      0.09196683764457703,
      0.09501297771930695,
      0.09122388064861298,
      0.08737951517105103,
      0.10552284866571426,
      0.09023895859718323,
      0.10304886847734451,
      0.08578825742006302,
      0.09602592140436172,
      0.10539139807224274,
      0.09450884908437729,
      0.09891535341739655,
      0.08450522273778915,
      0.10426230728626251,
      0.0968022346496582,
      0.09205115586519241,
      0.09583298861980438,
      0.09065033495426178,
      0.08325023204088211,
      0.10051234811544418,
      0.10418614745140076,
      0.08945068717002869,
      0.08773234486579895,
      0.0910254716873169,
      0.08678483963012695,
      0.08501095324754715,
      0.08467254787683487,
      0.09137656539678574,
      0.0964028462767601,
      0.09553685784339905,
      0.08172843605279922,
      0.09400781989097595,
      0.09289699792861938,
      0.09981761127710342,
      0.09816598892211914,
      0.09114059805870056,
      0.08257074654102325,
      0.08361422270536423,
      0.09871312975883484,
      0.09701967239379883,
      0.08483076095581055,
      0.07906382530927658,
      0.08667244762182236,
      0.09194942563772202,
      0.10863202065229416,
      0.09912827610969543,
      0.08960387110710144,
      0.08510895073413849,
      0.08612809330224991,
      0.10524512082338333
    ],
    "accuracy": [
      0.8867647051811218,
      0.9426470398902893,
      0.9464705586433411,
      0.9530882239341736,
      0.9594117403030396,
      0.9601470828056335,
      0.9586764574050903,
      0.9626470804214478,
      0.9642646908760071,
      0.9629411697387695,
      0.9632353186607361,
      0.966176450252533,
      0.9642646908760071,
      0.967941164970398,
      0.9672058820724487,
      0.9692646861076355,
      0.9704411625862122,
      0.9674999713897705,
      0.9657353162765503,
      0.9692646861076355,
      0.9689705967903137,
      0.9698529243469238,
      0.9680882096290588,
      0.9704411625862122,
      0.9701470732688904,
      0.9692646861076355,
      0.9670588374137878,
      0.9691176414489746,
      0.9694117903709412,
      0.9683823585510254,
      0.9720588326454163,
      0.9683823585510254,
      0.971323549747467,
      0.9708823561668396,
      0.970588207244873,
      0.9708823561668396,
      0.9670588374137878,
      0.9719117879867554,
      0.970588207244873,
      0.9729411602020264,
      0.9708823561668396,
      0.9735293984413147,
      0.9733823537826538,
      0.9747058749198914,
      0.9711764454841614,
      0.9747058749198914,
      0.9736764430999756,
      0.9710294008255005,
      0.9766176342964172,
      0.9722058773040771,
      0.975882351398468,
      0.9729411602020264,
      0.9763235449790955,
      0.9725000262260437,
      0.9704411625862122,
      0.9767646789550781,
      0.9720588326454163,
      0.9763235449790955,
      0.9769117832183838,
      0.9714705944061279,
      0.9748529195785522,
      0.970588207244873,
      0.9755882620811462,
      0.9739705920219421,
      0.9733823537826538,
      0.9722058773040771,
      0.9779411554336548,
      0.9750000238418579,
      0.9747058749198914,
      0.9707353115081787,
      0.9748529195785522,
      0.9766176342964172,
      0.9766176342964172,
      0.972352921962738,
      0.9757353067398071,
      0.9736764430999756,
      0.9769117832183838,
      0.9738235473632812,
      0.9751470685005188,
      0.973088264465332,
      0.9777941107749939,
      0.9747058749198914,
      0.973088264465332,
      0.9745588302612305,
      0.9729411602020264,
      0.9764705896377563,
      0.9792646765708923,
      0.9782353043556213,
      0.9754411578178406,
      0.9725000262260437,
      0.9748529195785522,
      0.9785293936729431,
      0.9766176342964172,
      0.9755882620811462,
      0.9707353115081787,
      0.9754411578178406,
      0.9760293960571289,
      0.9767646789550781,
      0.9764705896377563,
      0.9727941155433655
    ],