{
  "experiment_type": "federated",
  "timestamp": "2026-01-01T14:37:14.523678",
  "config": {
    "random_seed": 42,
    "dataset_size": 10000,
    "num_features": 20,
    "num_classes": 2,
    "num_clients": 10,
    "num_rounds": 50,
    "client_fraction": 0.3,
    "local_epochs": 5,
    "batch_size": 32,
    "learning_rate": 0.01,
    "centralized_epochs": 100,
    "hidden_units": [
      64,
      32
    ],
    "dropout_rate": 0.3
  },
  "num_clients": 10,
  "round_metrics": {
    "round": [
      1,
      2,
      3,
      4,
      5,
      6,
      7,
      8,
      9,
      10,
      11,
      12,
      13,
      14,
      15,
      16,
      17,
      18,
      19,
      20,
      21,
      22,
      23,
      24,
      25,
      26,
      27,
      28,
      29,
      30,
      31,
      32,
      33,
      34,
      35,
      36,
      37,
      38,
      39,
      40,
      41,
      42,
      43,
      44,
      45,
      46,
      47,
      48,
      49,
      50
    ],
    "train_loss": [
      0.5718550682067871,
      0.622920036315918,
      0.46686428785324097,
      0.7404663562774658,
      0.43173274397850037,
      0.46647340059280396,
      0.482173353433609,
      0.3721776306629181,
      0.24120648205280304,
      0.47219371795654297,
      0.40205636620521545,
      0.2542118728160858,
      0.35002660751342773,
      0.2658258080482483,
      0.27820611000061035,
      0.18025825917720795,
      0.1536858230829239,
      0.519683837890625,
      0.30593055486679077,
      0.31525343656539917,
      0.36163684725761414,
      0.309264600276947,
      0.24436438083648682,
      0.3899373412132263,
      0.395576149225235,
      0.24619106948375702,
      0.1518804132938385,
      0.3556046783924103,
      0.2530335783958435,
      0.3518320918083191,
      0.337424635887146,
      0.387553334236145,
      0.3295711874961853,
      0.1797967404127121,
      0.2952846884727478,
      0.16609574854373932,
      0.3548201620578766,
      0.35516491532325745,
      0.25837451219558716,
      0.2755879759788513,
      0.3059482276439667,
      0.21043585240840912,
      0.19300800561904907,
      0.18148300051689148,
      0.2447652369737625,
      0.2665806710720062,
      0.28267255425453186,
      0.26410552859306335,
      0.21554891765117645,
      0.3451601564884186
    ],
    "train_accuracy": [
      0.7101091742515564,
      0.6643184423446655,
      0.7874541282653809,
      0.5962629318237305,
      0.8028028011322021,
      0.7734401226043701,
      0.7632969617843628,
      0.845178484916687,
      0.9289289116859436,
      0.7809087634086609,
      0.8168168067932129,
      0.9225892424583435,
      0.8498498201370239,
      0.9065732359886169,
      0.898231565952301,
      0.9482815861701965,
      0.9579579830169678,
      0.7544211149215698,
      0.8822155594825745,
      0.8715382218360901,
      0.83973228931427,
      0.8728728890419006,
      0.920253574848175,
      0.8326875567436218,
      0.8214881420135498,
      0.9149149060249329,
      0.959626317024231,
      0.8468468189239502,
      0.9032365679740906,
      0.850517213344574,
      0.8618618845939636,
      0.8261594772338867,
      0.861528217792511,
      0.9472805857658386,
      0.8767171502113342,
      0.951284646987915,
      0.8506516218185425,
      0.8495949506759644,
      0.8985652327537537,
      0.8868868947029114,
      0.8703768849372864,
      0.9246213436126709,
      0.9309616088867188,
      0.9346012473106384,
      0.9049049019813538,
      0.8922155499458313,
      0.8875542283058167,
      0.8955622315406799,
      0.9225892424583435,
      0.8515182137489319
    ],
    "test_loss": [
      1.012531042098999,
      0.7406752705574036,
      0.8984214663505554,
      0.5587462782859802,
      0.7264591455459595,
      0.5161333680152893,
      0.5213483572006226,
      0.6118302345275879,
      0.8502382040023804,
      0.5726896524429321,
      0.529797375202179,
      0.7395510077476501,
      0.6190292835235596,
      0.6760222911834717,
      0.6643886566162109,
      0.8094808459281921,
      0.8984848856925964,
      0.3834773004055023,
      0.5024724006652832,
      0.5009328126907349,
      0.3502010107040405,
      0.33716318011283875,
      0.5331220030784607,
      0.36969080567359924,
      0.3358648419380188,
      0.4651103913784027,
      0.6414273977279663,
      0.33154377341270447,
      0.32437700033187866,
      0.32616910338401794,
      0.3180907964706421,
      0.3060969412326813,
      0.3398038446903229,
      0.5033726096153259,
      0.3756157159805298,
      0.5218566656112671,
      0.2767656147480011,
      0.26644137501716614,
      0.3328206539154053,
      0.3171858489513397,
      0.28803762793540955,
      0.3614409267902374,
      0.3971642255783081,
      0.3260142505168915,
      0.32966387271881104,
      0.24741530418395996,
      0.2707730829715729,
      0.2727794945240021,
      0.3199731707572937,
      0.24291996657848358
    ],
    "test_accuracy": [
      0.5046666860580444,
      0.5266666412353516,
      0.5073333382606506,
      0.7393333315849304,
      0.5440000295639038,
      0.7860000133514404,
      0.75,
      0.6293333172798157,
      0.5333333611488342,
      0.6713333129882812,
      0.7153333425521851,
      0.5886666774749756,
      0.6473333239555359,
      0.6206666827201843,
      0.6353333592414856,
      0.5826666951179504,
      0.5586666464805603,
      0.8553333282470703,
      0.7406666874885559,
      0.7366666793823242,
      0.8793333172798157,
      0.8886666893959045,
      0.7260000109672546,
      0.8353333473205566,
      0.8686666488647461,
      0.7699999809265137,
      0.6866666674613953,
      0.8619999885559082,
      0.8706666827201843,
      0.8646666407585144,
      0.8713333606719971,
      0.8913333415985107,
      0.8546666502952576,
      0.7573333382606506,
      0.8240000009536743,
      0.7480000257492065,
      0.8973333239555359,
      0.9046666622161865,
      0.8600000143051147,
      0.8659999966621399,
      0.8759999871253967,
      0.8306666612625122,
      0.8140000104904175,
      0.8613333106040955,
      0.8619999885559082,
      0.9053333401679993,
      0.8853333592414856,
      0.8826666474342346,
      0.8646666407585144,
      0.9153333306312561
    ],